EmployeeKey,EmployeeID,fname,Lname,Gender,Email,Login_name
29,1,"Derrick                                           ","Magill                                            ","M         ",derrick.magill@itelo.info,derrickm
30,2,"Philipp                                           ","Egger                                             ","M         ",philipp.egger@itelo.info,philippm
31,3,"Ellis                                             ","Robertson                                         ","M         ",ellis.robertson@itelo.info,ellism
32,4,"William                                           ","Mussen                                            ","M         ",william.mussen@itelo.info,williamm
33,5,"Javas                                             ","Hegde                                             ","M         ",javas.hegde@itelo.info,javasm
34,6,"Haseena al                                        ","Yousuf                                            ","F         ",alhaseena.yousuf@itelo.info,haseena alf
35,7,"Roberta                                           ","Holloway                                          ","F         ",roberta.holloway@itelo.info,robertaf
36,8,"Pénélope                                          ","Duperré                                           ","F         ",penelope.duperre@itelo.info,penelopef
37,9,"Kirk                                              ","Lee                                               ","M         ",kirk.lee@itelo.info,kirkm
38,10,"Janet                                             ","Gray                                              ","F         ",janet.gray@itelo.info,janetf
39,11,"Nelson                                            ","Wilkens                                           ","M         ",nelson.wilkens@itelo.info,nelsonm
40,12,"Willard                                           ","Chatman                                           ","M         ",willard.chatman@itelo.info,willardm
41,13,"Carroll                                           ","Pewitt                                            ","M         ",carroll.pewitt@itelo.info,carrollm
42,14,"Kenneth                                           ","Weise                                             ","M         ",kenneth.weise@itelo.info,kennethm
